company,industry,country,timezone,city
Eadel,Broadcasting,Indonesia,Asia/Jakarta,Duwakkandung
Ailane,Industrial Specialties,Peru,America/Lima,Pilpichaca
Wikivu,Savings Institutions,Indonesia,Asia/Jakarta,Batujaran
Jayo,Major Banks,Afghanistan,Asia/Kabul,Āsmār
Jayo,Medical/Nursing Services,China,Asia/Shanghai,Pingshan
Skyba,Home Furnishings,Russia,Asia/Baku,Gaptsakh
Trilia,n/a,Indonesia,Asia/Makassar,Pegongan
Zoomdog,Home Furnishings,China,Asia/Chongqing,Nianqiao
Yabox,Major Banks,China,Asia/Chongqing,Shijia
Omba,Semiconductors,Philippines,Asia/Manila,Sionogan
Shufflester,Major Pharmaceuticals,Afghanistan,Asia/Kabul,Kalān Deh
Youfeed,Major Pharmaceuticals,Nepal,Asia/Kathmandu,Kathmandu
Dynazzy,Auto Parts:O.E.M.,Russia,Asia/Vladivostok,Monastyrishche
Yoveo,n/a,Indonesia,Asia/Jakarta,Banyubang
Voolith,Savings Institutions,Philippines,Asia/Manila,Causwagan
Photobean,Major Pharmaceuticals,Malaysia,Asia/Kuala_Lumpur,Nusajaya
Twimm,Investment Bankers/Brokers/Service,China,Asia/Chongqing,Qutun
Chatterpoint,EDP Services,Indonesia,Asia/Jayapura,Kokas
Skipfire,n/a,China,Asia/Chongqing,Huangjingba
Mynte,n/a,Russia,Europe/Moscow,Rybinsk
Photolist,n/a,China,Asia/Chongqing,Longtang
Chatterpoint,n/a,Indonesia,Asia/Jakarta,Ketawang
Quire,Electrical Products,China,Asia/Chongqing,Jiuhe
LiveZ,Metal Fabrications,China,Asia/Chongqing,Huangshi
Mita,n/a,Peru,America/Lima,Molinos
Buzzster,Medical/Dental Instruments,Ukraine,Europe/Uzhgorod,Ternopil’
Mydo,Electric Utilities: Central,Bosnia and Herzegovina,Europe/Sarajevo,Mrkonjić Grad
Ainyx,n/a,Sweden,Europe/Stockholm,Säffle
Latz,Major Pharmaceuticals,Poland,Europe/Warsaw,Łopuszno
Kanoodle,Hospital/Nursing Management,South Africa,Africa/Johannesburg,Grahamstown
Twitterlist,Diversified Commercial Services,China,Asia/Harbin,Kertai
Flipstorm,Finance: Consumer Services,Indonesia,Asia/Jakarta,Kebon
Shufflester,Metal Fabrications,Brazil,America/Sao_Paulo,Pomerode
Wikido,Major Banks,Czech Republic,Europe/Prague,Dolní Černilov
Skyba,Professional Services,Democratic Republic of the Congo,Africa/Lubumbashi,Kabare
Thoughtsphere,n/a,Macedonia,Europe/Skopje,Oslomej
Wordtune,n/a,Philippines,Asia/Manila,Magdug
Voonte,Oil Refining/Marketing,Sri Lanka,Asia/Colombo,Moratuwa
Zava,Industrial Machinery/Components,China,Asia/Shanghai,Jielin
Vimbo,Major Banks,Greece,Europe/Athens,Psachná
Vitz,Food Chains,Philippines,Asia/Manila,Catarman
Centidel,Real Estate,Indonesia,Asia/Makassar,Raemude
Chatterpoint,n/a,Indonesia,Asia/Jakarta,Cabean
Skimia,n/a,Jamaica,America/Jamaica,Old Harbour Bay
Avaveo,Medical Specialities,Sweden,Europe/Stockholm,Tungelsta
Gabvine,Medical/Dental Instruments,Philippines,Asia/Manila,Cardona
Skaboo,Biotechnology: Biological Products (No Diagnostic Substances),Canada,America/Montreal,Marieville
Nlounge,n/a,Thailand,Asia/Bangkok,Saba Yoi
Meedoo,Food Chains,Brazil,America/Fortaleza,Jaguaribe
Flashpoint,n/a,China,Asia/Shanghai,Shucheng Chengguanzhen
Kazio,"Computer Software: Programming, Data Processing",Philippines,Asia/Manila,Jimenez
Photojam,"Computer Software: Programming, Data Processing",Czech Republic,Europe/Prague,Kostelec nad Černými Lesy
Innotype,Finance: Consumer Services,China,Asia/Shanghai,Rangxi
Jetpulse,Property-Casualty Insurers,Indonesia,Asia/Jakarta,Ngluwuk
Oyope,n/a,Philippines,Asia/Manila,Tindog
Thoughtsphere,EDP Services,Tunisia,Africa/Tunis,Radès
Brainsphere,n/a,Togo,Africa/Lome,Sotouboua
Skivee,Major Pharmaceuticals,Philippines,Asia/Manila,Jetafe
Rhyzio,Computer Software: Prepackaged Software,Ukraine,Europe/Zaporozhye,Shchastya
LiveZ,Meat/Poultry/Fish,Indonesia,Asia/Makassar,Narawayong
Aimbo,n/a,Russia,Europe/Moscow,Vityazevo
Skinder,RETAIL: Building Materials,Armenia,Asia/Yerevan,Masis
Devshare,Major Pharmaceuticals,Russia,Asia/Omsk,Shubenka
Ozu,Investment Managers,Philippines,Asia/Manila,Kalamangog
Kazio,n/a,Brazil,America/Sao_Paulo,Frederico Westphalen
Quimba,Major Banks,Indonesia,Asia/Jakarta,Daja
Topicshots,Semiconductors,Brazil,America/Maceio,Aracaju
Lazzy,Major Banks,Brazil,America/Sao_Paulo,Alegre
Oloo,Electrical Products,Philippines,Asia/Manila,Lanipao
Mydeo,Engineering & Construction,Chile,America/Santiago,La Laja
Yozio,Major Pharmaceuticals,Ireland,Europe/Dublin,Rathdrum
Wordtune,"Computer Software: Programming, Data Processing",China,Asia/Shanghai,Lingzhi
Plambee,n/a,Sweden,Europe/Stockholm,Nässjö
Flipbug,n/a,China,Asia/Shanghai,Luokou
Quatz,Real Estate Investment Trusts,Indonesia,Asia/Jakarta,Kemuning
Realblab,n/a,Sweden,Europe/Stockholm,Asarum
Avavee,Major Banks,Costa Rica,America/Costa_Rica,Batán
Avavee,Coal Mining,Portugal,Europe/Lisbon,Barqueiro
Vimbo,Medical/Dental Instruments,Indonesia,Asia/Jakarta,Tawangrejo
Twinder,Consumer Specialties,China,Asia/Harbin,Jianshe
Twinder,Major Banks,Russia,Europe/Moscow,Nizhniy Novgorod
Skiba,Radio And Television Broadcasting And Communications Equipment,Indonesia,Asia/Jakarta,Lhokkruet
Aimbu,n/a,Thailand,Asia/Bangkok,Pa Bon
Youbridge,Specialty Chemicals,Indonesia,Asia/Makassar,Mawa
Camimbo,Other Consumer Services,France,Europe/Paris,Marne-la-Vallée
Kazio,Marine Transportation,Bosnia and Herzegovina,Europe/Sarajevo,Donja Mahala
Realfire,Computer Software: Prepackaged Software,Ireland,Europe/Dublin,Bagenalstown
Realbridge,n/a,China,Asia/Chongqing,Datian
Mudo,Medical/Dental Instruments,Spain,Europe/Madrid,Valencia
Rhyloo,n/a,Philippines,Asia/Manila,Cardona
Skinder,Restaurants,Vietnam,Asia/Ho_Chi_Minh,Cam Lộ
Voonte,Major Banks,Brazil,America/Sao_Paulo,Cravinhos
Skinix,Oil/Gas Transmission,China,Asia/Chongqing,Jinhe
Mybuzz,n/a,Albania,Europe/Tirane,Krahës
Trupe,Marine Transportation,France,Europe/Paris,Altkirch
Yata,n/a,Sweden,Europe/Stockholm,Laholm
Jazzy,Biotechnology: In Vitro & In Vivo Diagnostic Substances,Philippines,Asia/Manila,Atimonan
Edgeify,Other Consumer Services,United States,America/New_York,Richmond
Shufflester,n/a,China,Asia/Shanghai,Beiling
Browsecat,Semiconductors,China,Asia/Chongqing,Xuelu